{
  "project_info": {
    "project_number": "1083707099033",
    "project_id": "gemstoneschool-fa0b6",
    "storage_bucket": "gemstoneschool-fa0b6.appspot.com"
  },
  "client": [
    {
      "client_info": {
        "mobilesdk_app_id": "1:1083707099033:android:bbab82780c8055dc72f508",
        "android_client_info": {
          "package_name": "com.app.gemstoneschool"
        }
      },
      "oauth_client": [
        {
          "client_id": "1083707099033-b3bghld478bk3rv75mikhodmiu9v2hp4.apps.googleusercontent.com",
          "client_type": 3
        }
      ],
      "api_key": [
        {
          "current_key": "AIzaSyC7v8tMlIlftqJroSF-KS7JoY0GBUIwqsE"
        }
      ],
      "services": {
        "appinvite_service": {
          "other_platform_oauth_client": [
            {
              "client_id": "1083707099033-b3bghld478bk3rv75mikhodmiu9v2hp4.apps.googleusercontent.com",
              "client_type": 3
            }
          ]
        }
      }
    }
  ],
  "configuration_version": "1"
}